{"_wandb": {"runtime": 38}, "global_step": 0, "_timestamp": 1762779699.865309, "_runtime": 8.447897911071777, "_step": 0}