{"_wandb": {"runtime": 19}, "global_step": 0, "_timestamp": 1762779300.408399, "_runtime": 5.272885084152222, "_step": 0}