{"global_step": 11000, "_timestamp": 1762782102.4418204, "_runtime": 1999.0324122905731, "_step": 11, "loss/kl_loss": 3.4565021991729736, "loss/rec_loss": 0.05383213981986046, "loss/smpl_joints_rec": 0.00015990305109880865, "loss/joints_consistency": 0.00011752241698559374, "loss/joints_delta": 6.24687600065954e-05, "loss/transl_delta": 9.677709385869093e-06, "loss/orient_delta": 4.1165691072819754e-05, "loss/loss": 0.0679410770535469, "charts/learning_rate": 9.450400102650747e-05, "val_loss/kl_loss": 3.465463161468506, "val_loss/rec_loss": 0.033077746629714966, "val_loss/smpl_joints_rec": 0.00012941322347614914, "val_loss/joints_consistency": 9.820066043175757e-05, "val_loss/joints_delta": 1.4783779988647439e-05, "val_loss/transl_delta": 1.2194747114335769e-06, "val_loss/orient_delta": 1.1307707609375939e-05, "val_loss/loss": 0.03808844834566116, "_wandb": {"runtime": 2027}}