{"global_step": 200000, "_timestamp": 1762821629.350724, "_runtime": 38161.90910601616, "_step": 200, "loss/kl_loss": 4.823136329650879, "loss/rec_loss": 0.009074455127120018, "loss/smpl_joints_rec": 3.8368401874322444e-05, "loss/joints_consistency": 2.306237001903355e-05, "loss/joints_delta": 1.8600061594042927e-05, "loss/transl_delta": 2.5960678158298833e-06, "loss/orient_delta": 7.057522452669218e-06, "loss/loss": 0.012518951669335365, "charts/learning_rate": 3.999999886872274e-09, "val_loss/kl_loss": 4.895324230194092, "val_loss/rec_loss": 0.005382587667554617, "val_loss/smpl_joints_rec": 1.2538714145193808e-05, "val_loss/joints_consistency": 1.2839511327911168e-05, "val_loss/joints_delta": 2.1850767097930657e-06, "val_loss/transl_delta": 1.8396839607248694e-07, "val_loss/orient_delta": 7.507313739552046e-07, "val_loss/loss": 0.005953242536634207, "_wandb": {"runtime": 38157}}