{"_wandb": {"runtime": 12}, "global_step": 0, "_timestamp": 1762783189.9519749, "_runtime": 8.503715753555298, "_step": 0}