{"_wandb": {"runtime": 84}, "global_step": 0, "_timestamp": 1762779866.3128572, "_runtime": 5.140292167663574, "_step": 0}