{"global_step": 300000, "_timestamp": 1762946326.076364, "_runtime": 93509.33487296104, "_step": 300, "loss/feature_rec": 0.05010542273521423, "loss/latent_rec": 0.07075227797031403, "loss/smpl_joints_rec": 0.0, "loss/joints_consistency": 0.0, "loss/joints_delta": 1.89666047845094e-06, "loss/transl_delta": 1.7319705136742414e-07, "loss/orient_delta": 3.840728766135726e-07, "loss/loss": 0.14539700746536255, "charts/learning_rate": 1.3333333326315255e-09, "val_loss/feature_rec": 0.032925739884376526, "val_loss/latent_rec": 0.04458621144294739, "val_loss/smpl_joints_rec": 0.0, "val_loss/joints_consistency": 0.0, "val_loss/joints_delta": 1.8654490077096852e-06, "val_loss/transl_delta": 1.487045722114999e-07, "val_loss/orient_delta": 3.149091867271636e-07, "val_loss/loss": 0.10080258548259735, "_wandb": {"runtime": 93507}}