{"global_step": 200000, "_timestamp": 1768604028.9904366, "_runtime": 38245.885813474655, "_step": 200, "loss/rec_loss": 0.00406441418454051, "loss/smpl_joints_rec": 1.5370058463304304e-05, "loss/joints_consistency": 1.596171932760626e-05, "loss/joints_delta": 1.4896691936883144e-05, "loss/transl_delta": 1.938952436830732e-06, "loss/orient_delta": 5.0616672524483874e-06, "loss/loss": 0.0065674628131091595, "charts/learning_rate": 3.999999886872274e-09, "val_loss/rec_loss": 0.0021823749411851168, "val_loss/smpl_joints_rec": 4.121492565900553e-06, "val_loss/joints_consistency": 8.168051863322034e-06, "val_loss/joints_delta": 1.5131345207919367e-06, "val_loss/transl_delta": 1.195476500015502e-07, "val_loss/orient_delta": 7.226157094919472e-07, "val_loss/loss": 0.002540800254791975, "_wandb": {"runtime": 38241}}